year,grade
2014-15,79.8879203688
2015-16,75.0121029598
